<?xml version="1.0" encoding="UTF-8"?>
<dataset>    
    <!--############## USUARIO DO TIPO ALUNO ##############--> 
    <!-- Usuario ID 1 -->
    <TB_USUARIO disc_usuario="A" 
                nome_usuario="Guilherme Wolner" 
                cpf="365.721.150-03" 
                rg="162182247"/>
    <!-- Usuario ID 2 -->
    <TB_USUARIO disc_usuario="A" 
                nome_usuario="Nailton Santos" 
                cpf="492.445.650-05" 
                rg="378234079"/>
    <!-- Usuario ID 3 -->  
    <TB_USUARIO disc_usuario="A" 
                nome_usuario="Joelinton Albuquerque" 
                cpf="571.416.640-09" 
                rg="220260904"/>
    <!-- Usuario ID 4 -->
    <TB_USUARIO disc_usuario="A" 
                nome_usuario="Elimar Fernandes " 
                cpf="338.584.440-14" 
                rg="306571651"/>
    <!-- Usuario ID 5 -->
    <TB_USUARIO disc_usuario="A" 
                nome_usuario="Alfred Gothan" 
                cpf="563.839.230-05" 
                rg="430169966"/>
    <!-- Usuario ID 6 -->
    <TB_USUARIO disc_usuario="A" 
                nome_usuario="Bruce Wayne" 
                cpf="615.418.260-00" 
                rg="499927072"/>
    <!-- Usuario ID 7 -->  
    <TB_USUARIO disc_usuario="A" 
                nome_usuario="Jane Foster" 
                cpf="729.697.890-27" 
                rg="412735131"/>
    <!-- Usuario ID 8 -->
    <TB_USUARIO disc_usuario="A" 
                nome_usuario="Tiago Mendonça" 
                cpf="565.520.770-25" 
                rg="120955027"/>
    <!-- Usuario ID 9 -->
    <TB_USUARIO disc_usuario="A" 
                nome_usuario="Hermione Granger" 
                cpf="716.551.750-25" 
                rg="261240341"/>
    <!-- Usuario ID 10 -->
    <TB_USUARIO disc_usuario="A" 
                nome_usuario="Zara Magic" 
                cpf="134.969.700-14" 
                rg="247289644"/>
    
    <!--############## USUARIO DO TIPO PROFESSOR ##############--> 
    <!-- Usuario ID 11 -->
    <TB_USUARIO disc_usuario="P" 
                nome_usuario="Henrique Oliveira" 
                cpf="936.512.980-00" 
                rg="293794388"/>
    <!-- Usuario ID 12 -->
    <TB_USUARIO disc_usuario="P" 
                nome_usuario="Marcos Pacheco" 
                cpf="626.459.670-19" 
                rg="319812972"/>  
    <!-- Usuario ID 13 -->
    <TB_USUARIO disc_usuario="P" 
                nome_usuario="Paulo Matias" 
                cpf="363.922.280-63" 
                rg="274999894"/>
    <!-- Usuario ID 14 -->
    <TB_USUARIO disc_usuario="P" 
                nome_usuario="Guedes Paulo" 
                cpf="608.054.460-10" 
                rg="187761218"/>
    <!-- Usuario ID 15 -->
    <TB_USUARIO disc_usuario="P" 
                nome_usuario="Abner Nunes" 
                cpf="492.515.110-04" 
                rg="387543314"/>
    <!-- Usuario ID 16 -->
    <TB_USUARIO disc_usuario="P" 
                nome_usuario="Bruno Peixoto" 
                cpf="287.659.350-55" 
                rg="491243558"/>  
    <!-- Usuario ID 17 -->
    <TB_USUARIO disc_usuario="P" 
                nome_usuario="Gustavo Andre" 
                cpf="888.551.100-71" 
                rg="365935232"/>
    <!-- Usuario ID 18 -->
    <TB_USUARIO disc_usuario="P" 
                nome_usuario="Julian Solo" 
                cpf="811.557.720-08" 
                rg="106387376"/>
    <!-- Usuario ID 19 -->
    <TB_USUARIO disc_usuario="P" 
                nome_usuario="Natanael Barros" 
                cpf="551.544.070-67" 
                rg="277043773"/>
    <!-- Usuario ID 20 -->
    <TB_USUARIO disc_usuario="P" 
                nome_usuario="Yuri Volkova" 
                cpf="228.865.040-09" 
                rg="403904651"/>
  
    
    <!-- Aluno ID 1 -->
    <TB_ALUNO id_aluno="1" 
              curso="Eletronica" 
              turno="Manha" 
              matricula="1234ABCD" 
              responsavel="Carmela" 
              contato_responsavel="32512742" 
              email="gwdm@hotmail.com"/>
    <!-- Aluno ID 2 -->
    <TB_ALUNO id_aluno="2" 
              curso="Edificacoes" 
              turno="Manha" 
              matricula="4321OPLK" 
              responsavel="Elionai" 
              contato_responsavel="32571835" 
              email="creed.play@gmail.com"/>    
    <!-- Aluno ID 3 -->
    <TB_ALUNO id_aluno="3" 
              curso="Eletronica" 
              turno="Manha" 
              matricula="9999OOOO" 
              responsavel="Matilde" 
              contato_responsavel="32112719" 
              email="pitarex@gmail.com"/>
    <!-- Aluno ID 4 -->
    <TB_ALUNO id_aluno="4" 
              curso="Edificacoes" 
              turno="Manha" 
              matricula="0987OPOP" 
              responsavel="Jose" 
              contato_responsavel="995487851" 
              email="ifpe.edif@gmail.com"/>    
    <!-- Aluno ID 5 -->
    <TB_ALUNO id_aluno="5" 
              curso="Quimica" 
              turno="Manha" 
              matricula="7777KSKS" 
              responsavel="18+" 
              contato_responsavel="958412575" 
              email="minhaquimica@gmail.com"/>
    <!-- Aluno ID 6 -->
    <TB_ALUNO id_aluno="6" 
              curso="Quimica" 
              turno="Manha" 
              matricula="3434OIUY" 
              responsavel="18+" 
              contato_responsavel="955432175" 
              email="ops.2016@gmail.com"/>    
    <!-- Aluno ID 7 -->
    <TB_ALUNO id_aluno="7" 
              curso="Mecanica" 
              turno="Manha" 
              matricula="8765TGHJ" 
              responsavel="18+" 
              contato_responsavel="955619735" 
              email="foster@gmail.com"/>
    <!-- Aluno ID 8 -->
    <TB_ALUNO id_aluno="8" 
              curso="Mecanica" 
              turno="Manha" 
              matricula="6543IKJF" 
              responsavel="18+" 
              contato_responsavel="928487851" 
              email="uxe_xp2011@gmail.com"/>    
    <!-- Aluno ID 9 -->
    <TB_ALUNO id_aluno="9" 
              curso="Edificacoes" 
              turno="Manha" 
              matricula="6555JJJJ" 
              responsavel="Agatha" 
              contato_responsavel="912238735" 
              email="flordojardim@bol.com"/>
    <!-- Aluno ID 10 -->
    <TB_ALUNO id_aluno="10" 
              curso="Eletronica" 
              turno="Manha" 
              matricula="2020PLKJ" 
              responsavel="18+" 
              contato_responsavel="927328735" 
              email="construcoes.marconde@uol.com"/>
    
    
    <!-- Professor ID 11 -->
    <TB_PROFESSOR id_professor="11" 
                  siape="3064635" 
                  departamento="DASE" 
                  ramal="21253014"/>
    <!-- Professor ID 12 -->
    <TB_PROFESSOR id_professor="12" 
                  siape="5544816" 
                  departamento="DGP" 
                  ramal="21253240"/>
    <!-- Professor ID 13 -->
    <TB_PROFESSOR id_professor="13" 
                  siape="5189674" 
                  departamento="DIEX" 
                  ramal="21259852"/>
    <!-- Professor ID 14 -->
    <TB_PROFESSOR id_professor="14" 
                  siape="9534198" 
                  departamento="DIEX" 
                  ramal="2115"/>
    <!-- Professor ID 15 -->
    <TB_PROFESSOR id_professor="15" 
                  siape="3064635" 
                  departamento="DASE" 
                  ramal="21253014"/>
    <!-- Professor ID 16 -->
    <TB_PROFESSOR id_professor="16" 
                  siape="5544816" 
                  departamento="DENN" 
                  ramal="21253240"/>
    <!-- Professor ID 17 -->
    <TB_PROFESSOR id_professor="17" 
                  siape="5189674" 
                  departamento="DAE" 
                  ramal="21259852"/>
    <!-- Professor ID 18 -->
    <TB_PROFESSOR id_professor="18" 
                  siape="9530198" 
                  departamento="DEN" 
                  ramal="2115"/>    
    <!-- Professor ID 19 -->
    <TB_PROFESSOR id_professor="19" 
                  siape="5189674" 
                  departamento="DGP" 
                  ramal="21259852"/>
    <!-- Professor ID 20 -->
    <TB_PROFESSOR id_professor="20" 
                  siape="9534198" 
                  departamento="DGTI" 
                  ramal="2115"/>
 
    
    <!-- Bolsa ID 1 -->
    <TB_BOLSA nome_bolsa="PIBEX" tipo="Pesquisa" valor="400.00"/>
    <!-- Bolsa ID 2 -->
    <TB_BOLSA nome_bolsa="PIBEX" tipo="Pesquisa" valor="0.00"/>
    <!-- Bolsa ID 3 -->
    <TB_BOLSA nome_bolsa="PIBIC" tipo="Pesquisa" valor="450.00"/>
    <!-- Bolsa ID 4 -->
    <TB_BOLSA nome_bolsa="BIA" tipo="Pesquisa" valor="230.00"/>
    <!-- Bolsa ID 5 -->
    <TB_BOLSA nome_bolsa="BIA" tipo="Pesquisa" valor="0.00"/>
    <!-- Bolsa ID 6 -->
    <TB_BOLSA nome_bolsa="Monitor Tecnico" tipo="Monitoria" valor="300.00"/>
    <!-- Bolsa ID 7 -->
    <TB_BOLSA nome_bolsa="Monitor Tecnico" tipo="Monitoria" valor="0.00"/>
    <!-- Bolsa ID 8 -->
    <TB_BOLSA nome_bolsa="Monitor Superior" tipo="Monitoria" valor="400.00"/>
    <!-- Bolsa ID 9 -->
    <TB_BOLSA nome_bolsa="Monitor Superior" tipo="Monitoria" valor="0.00"/>
    <!-- Bolsa ID 10 -->
    <TB_BOLSA nome_bolsa="Estagiario Tecnico" tipo="Estagio" valor="389.62"/>
    <!-- Bolsa ID 11 -->
    <TB_BOLSA nome_bolsa="Estagiario Tecnico" tipo="Estagio" valor="0.00"/> 
    <!-- Bolsa ID 12 -->
    <TB_BOLSA nome_bolsa="Estagiario Superior" tipo="Estagio" valor="389.62"/>
    <!-- Bolsa ID 13 -->
    <TB_BOLSA nome_bolsa="Estagiario Superior" tipo="Estagio" valor="0.00"/>    
    <!-- Bolsa ID 14 -->
    <TB_BOLSA nome_bolsa="Permanencia" tipo="Baixa renda" valor="600.00"/>
    <!-- Bolsa ID 15 -->
    <TB_BOLSA nome_bolsa="Permanencia" tipo="Baixa renda" valor="0.00"/>
    
    
    <!-- Tamanho ID 1 -->
    <TB_TAMANHO descricao_tamanho="PP"/>
    <!-- Tamanho ID 2 -->
    <TB_TAMANHO descricao_tamanho="P"/>
    <!-- Tamanho ID 3 -->
    <TB_TAMANHO descricao_tamanho="m"/>
    <!-- Tamanho ID 4 -->
    <TB_TAMANHO descricao_tamanho="g"/>
    <!-- Tamanho ID 5 -->
    <TB_TAMANHO descricao_tamanho="XG"/>
    
    
    <!-- SITUACAO ID 1 -->
    <TB_SITUACAO descricao_situacao="Nao entr."/>
    <!-- SITUACAO ID 2 -->   
    <TB_SITUACAO descricao_situacao="Entr."/>
    <!-- SITUACAO ID 2 -->
    <TB_SITUACAO descricao_situacao="Rasgado"/>
    
    
    <!-- FARDAMENTO ID 1 -->
    <TB_FARDAMENTO quantidade_entregue="1" 
                id_aluno="1" 
                id_situacao="2" 
                id_tamanho="3"/>
    <!-- FARDAMENTO ID 2 -->
    <TB_FARDAMENTO quantidade_entregue="1" 
                id_aluno="2" 
                id_situacao="2" 
                id_tamanho="3"/>
    <!-- FARDAMENTO ID 3 -->
    <TB_FARDAMENTO quantidade_entregue="1" 
                id_aluno="3" 
                id_situacao="2" 
                id_tamanho="2"/>
    <!-- FARDAMENTO ID 4 -->
    <TB_FARDAMENTO quantidade_entregue="1" 
                id_aluno="4" 
                id_situacao="2" 
                id_tamanho="4"/>
    <!-- FARDAMENTO ID 5 -->
    <TB_FARDAMENTO quantidade_entregue="1" 
                id_aluno="5" 
                id_situacao="2" 
                id_tamanho="3"/>
    <!-- FARDAMENTO ID 6 -->
    <TB_FARDAMENTO quantidade_entregue="1" 
                id_aluno="6" 
                id_situacao="2" 
                id_tamanho="1"/>
    
        
    <!-- VOLUME ID 1 -->
    <TB_VOLUME descricao_volume="Vol. 1"/>
    <!-- VOLUME ID 2 -->
    <TB_VOLUME descricao_volume="Volume 2"/>
    <!-- VOLUME ID 3 -->
    <TB_VOLUME descricao_volume="Volume 3"/>
    <!-- VOLUME ID 4 -->
    <TB_VOLUME descricao_volume="Vol. Unico"/>
    <!-- VOLUME ID 5 -->
    <TB_VOLUME descricao_volume="Edição rara"/>
    
    
    <!-- LIVRO ID 1 -->
    <TB_LIVRO materia="Portugues" 
              titulo="Nova regra ortografica" 
              autor="Camila Gusmao" 
              isbn="9781458759536" 
              quantidade="75" 
              id_volume="4" />
    <!-- LIVRO ID 2 -->
    <TB_LIVRO materia="Matematica" 
              titulo="Introducao a matematica" 
              autor="Arouldo Costa" 
              isbn="9781995447536" 
              quantidade="92" 
              id_volume="1" />
    <!-- LIVRO ID 3 -->
    <TB_LIVRO materia="Matematica" 
              titulo="Introducao a matematica" 
              autor="Arouldo Costa" 
              isbn="9781995445874" 
              quantidade="87" 
              id_volume="2" />
    <!-- LIVRO ID 4 -->
    <TB_LIVRO materia="Geografia" 
              titulo="Um estudo das areias" 
              autor="Heriberto Barroso" 
              isbn="9781665214536" 
              quantidade="15" 
              id_volume="4" />
    <!-- LIVRO ID 5 -->
    <TB_LIVRO materia="Fisica" 
              titulo="A Quantica e a Realidade" 
              autor="Edmario Seboso" 
              isbn="9781478253236" 
              quantidade="9" 
              id_volume="3" />
    <!-- LIVRO ID 6 -->
    <TB_LIVRO materia="AED" 
              titulo="C++: Como Programar" 
              autor="Harvey Deitel" 
              isbn="9781478431521" 
              quantidade="35" 
              id_volume="4" />
    <!-- LIVRO ID 7 -->
    <TB_LIVRO materia="AED" 
              titulo="Java: Como Programar" 
              autor="Dionisio Deitel" 
              isbn="9781477731521" 
              quantidade="0" 
              id_volume="4" />

    
    <!-- EMPRESTIMO ID 1 -->
    <TB_EMPRESTIMO status="Atrasado" id_usuario="7" id_livro="1"/>
    <!-- EMPRESTIMO ID 2 -->
    <TB_EMPRESTIMO status="Emprestado" id_usuario="7" id_livro="2"/>
    <!-- EMPRESTIMO ID 3 -->
    <TB_EMPRESTIMO status="Emprestado" id_usuario="7" id_livro="3"/>    
    <!-- EMPRESTIMO ID 4 -->
    <TB_EMPRESTIMO status="Emprestado" id_usuario="8" id_livro="1"/>
    <!-- EMPRESTIMO ID 5 -->
    <TB_EMPRESTIMO status="Emprestado" id_usuario="8" id_livro="4"/>
    <!-- EMPRESTIMO ID 6 -->
    <TB_EMPRESTIMO status="Atrasado" id_usuario="8" id_livro="5"/>    
    <!-- EMPRESTIMO ID 7 -->
    <TB_EMPRESTIMO status="Emprestado" id_usuario="9" id_livro="2"/>
    <!-- EMPRESTIMO ID 8 -->
    <TB_EMPRESTIMO status="Emprestado" id_usuario="9" id_livro="4"/>
    <!-- EMPRESTIMO ID 9 -->
    <TB_EMPRESTIMO status="Emprestado" id_usuario="9" id_livro="5"/>
    <!-- EMPRESTIMO ID 10 -->
    <TB_EMPRESTIMO status="Emprestado" id_usuario="9" id_livro="6"/>    
    <!-- EMPRESTIMO ID 11 -->
    <TB_EMPRESTIMO status="Repetido" id_usuario="7" id_livro="2"/>    
    <!-- EMPRESTIMO ID 12 -->
    <TB_EMPRESTIMO status="Emprestado" id_usuario="12" id_livro="3"/>    
    <!-- EMPRESTIMO ID 13 -->
    <TB_EMPRESTIMO status="Emprestado" id_usuario="12" id_livro="1"/>
    <!-- EMPRESTIMO ID 14 -->
    <TB_EMPRESTIMO status="Emprestado" id_usuario="15" id_livro="6"/>
    <!-- EMPRESTIMO ID 15 -->
    <TB_EMPRESTIMO status="Emprestado" id_usuario="15" id_livro="3"/>
    <!-- EMPRESTIMO ID 16 -->
    <TB_EMPRESTIMO status="Emprestado" id_usuario="15" id_livro="1"/>
    <!-- EMPRESTIMO ID 17 -->
    <TB_EMPRESTIMO status="Emprestado" id_usuario="16" id_livro="2"/>
    <!-- EMPRESTIMO ID 18 -->
    <TB_EMPRESTIMO status="Emprestado" id_usuario="16" id_livro="4"/>
    <!-- EMPRESTIMO ID 19 -->
    <TB_EMPRESTIMO status="Emprestado" id_usuario="18" id_livro="3"/>
    <!-- EMPRESTIMO ID 20 -->
    <TB_EMPRESTIMO status="Emprestado" id_usuario="19" id_livro="4"/>
    
    
    <!-- ALUNO_x_BOLSA ID 1 -->
    <TB_ALUNO_x_TB_BOLSA id_aluno="1" id_bolsa="4"/>
    <!-- ALUNO_x_BOLSA ID 2 -->
    <TB_ALUNO_x_TB_BOLSA id_aluno="1" id_bolsa="14"/>    
    <!-- ALUNO_x_BOLSA ID 3 -->
    <TB_ALUNO_x_TB_BOLSA id_aluno="3" id_bolsa="12"/>    
    <!-- ALUNO_x_BOLSA ID 4 -->
    <TB_ALUNO_x_TB_BOLSA id_aluno="5" id_bolsa="14"/>    
    <!-- ALUNO_x_BOLSA ID 5 -->
    <TB_ALUNO_x_TB_BOLSA id_aluno="5" id_bolsa="9"/>    
    <!-- ALUNO_x_BOLSA ID 6 -->
    <TB_ALUNO_x_TB_BOLSA id_aluno="7" id_bolsa="14"/>
    <!-- ALUNO_x_BOLSA ID 7 -->
    <TB_ALUNO_x_TB_BOLSA id_aluno="7" id_bolsa="3"/>    
    <!-- ALUNO_x_BOLSA ID 8 -->
    <TB_ALUNO_x_TB_BOLSA id_aluno="4" id_bolsa="9"/>
    <!-- ALUNO_x_BOLSA ID 9 -->
    <TB_ALUNO_x_TB_BOLSA id_aluno="4" id_bolsa="3"/>    
    <!-- ALUNO_x_BOLSA ID 10 -->
    <TB_ALUNO_x_TB_BOLSA id_aluno="8" id_bolsa="14"/>   
</dataset>