<?xml version="1.0" encoding="UTF-8"?>
<faces-config xmlns="http://java.sun.com/xml/ns/javaee"
              xmlns:xsi="http://www.w3.org/2001/XMLSchema-instance"
              xsi:schemaLocation="http://java.sun.com/xml/ns/javaee http://java.sun.com/xml/ns/javaee/web-facesconfig_2_0.xsd"
              version="2.0">
 
    <application>
        <el-resolver>
            org.primefaces.application.exceptionhandler.PrimeExceptionHandlerELResolver
        </el-resolver>
    </application>
    
    <factory>
        <exception-handler-factory>
            org.primefaces.application.exceptionhandler.PrimeExceptionHandlerFactory
        </exception-handler-factory>
    </factory>
    
    <navigation-rule>
        <from-view-id>/index.xhtml</from-view-id>
        <navigation-case>
            <from-outcome>acessoNegado</from-outcome>
            <to-view-id>/volumeC.xhtml</to-view-id>
        </navigation-case>    
    </navigation-rule> 

    
</faces-config>
